{"cameraMode":{"drawMode":0,"name":"Shaded","section":"Shading Mode"},"sceneLighting":false,"audioPlay":false,"sceneViewState":{"showFog":true,"showMaterialUpdate":false,"showSkybox":false,"showFlares":true,"showImageEffects":true,"showParticleSystems":true},"in2DMode":false,"pivot":{"x":0.11353904008865357,"y":3.702404737472534,"z":0.1474670171737671},"rotation":{"x":0.10367867350578308,"y":-0.8521071076393127,"z":0.18457603454589845,"w":0.47863972187042239},"size":5.241659164428711,"orthographic":false}