{"cameraMode":{"drawMode":0,"name":"Shaded","section":"Shading Mode"},"sceneLighting":true,"audioPlay":false,"sceneViewState":{"showFog":true,"showMaterialUpdate":false,"showSkybox":true,"showFlares":true,"showImageEffects":true,"showParticleSystems":true},"in2DMode":false,"pivot":{"x":-17.41147232055664,"y":3.2686514854431154,"z":-19.524160385131837},"rotation":{"x":0.08313684165477753,"y":0.8180937767028809,"z":-0.1223873421549797,"w":0.5557267069816589},"size":16.987281799316408,"orthographic":true}