{"cameraMode":{"drawMode":0,"name":"Shaded","section":"Shading Mode"},"sceneLighting":false,"audioPlay":false,"sceneViewState":{"showFog":true,"showMaterialUpdate":false,"showSkybox":false,"showFlares":true,"showImageEffects":true,"showParticleSystems":true},"in2DMode":false,"pivot":{"x":11.239999771118164,"y":1.5,"z":2.9200000762939455},"rotation":{"x":-0.0030313082970678808,"y":0.8630502820014954,"z":-0.005176727194339037,"w":-0.505082368850708},"size":6.006289005279541,"orthographic":true}