{"cameraMode":{"drawMode":0,"name":"Shaded","section":"Shading Mode"},"sceneLighting":false,"audioPlay":false,"sceneViewState":{"showFog":true,"showMaterialUpdate":false,"showSkybox":false,"showFlares":true,"showImageEffects":true,"showParticleSystems":true},"in2DMode":false,"pivot":{"x":0.006177127361297607,"y":0.606813907623291,"z":0.6758689880371094},"rotation":{"x":-0.1150011494755745,"y":0.678661584854126,"z":-0.10882510989904404,"w":-0.7171822190284729},"size":6.105400085449219,"orthographic":true}