{"cameraMode":{"drawMode":0,"name":"Shaded","section":"Shading Mode"},"sceneLighting":true,"audioPlay":false,"sceneViewState":{"showFog":true,"showMaterialUpdate":false,"showSkybox":true,"showFlares":true,"showImageEffects":true,"showParticleSystems":true},"in2DMode":false,"pivot":{"x":-1.2799999713897706,"y":2.2983031272888185,"z":4.099999904632568},"rotation":{"x":0.1698535680770874,"y":-0.0587899386882782,"z":0.0103120356798172,"w":0.9836601614952087},"size":59.49528884887695,"orthographic":true}