{"cameraMode":{"drawMode":0,"name":"Shaded","section":"Shading Mode"},"sceneLighting":false,"audioPlay":false,"sceneViewState":{"showFog":true,"showMaterialUpdate":false,"showSkybox":false,"showFlares":true,"showImageEffects":true,"showParticleSystems":true},"in2DMode":false,"pivot":{"x":-1.7881393432617188e-7,"y":4.76837158203125e-7,"z":1.7499998807907105},"rotation":{"x":-0.1150011494755745,"y":0.678661584854126,"z":-0.10882510989904404,"w":-0.7171822190284729},"size":8.472403526306153,"orthographic":true}