{"cameraMode":{"drawMode":0,"name":"Shaded","section":"Shading Mode"},"sceneLighting":true,"audioPlay":false,"sceneViewState":{"showFog":true,"showMaterialUpdate":false,"showSkybox":true,"showFlares":true,"showImageEffects":true,"showParticleSystems":true},"in2DMode":false,"pivot":{"x":187.1999969482422,"y":619.2000122070313,"z":0.0},"rotation":{"x":0.1434963047504425,"y":-0.007125288248062134,"z":0.001192683121189475,"w":0.9896245002746582},"size":718.854736328125,"orthographic":true}