{"cameraMode":{"drawMode":0,"name":"Shaded","section":"Shading Mode"},"sceneLighting":true,"audioPlay":false,"sceneViewState":{"showFog":true,"showMaterialUpdate":false,"showSkybox":true,"showFlares":true,"showImageEffects":true,"showParticleSystems":true},"in2DMode":false,"pivot":{"x":19.878652572631837,"y":-0.1497790813446045,"z":4.677204132080078},"rotation":{"x":0.26671698689460757,"y":-0.010119612328708172,"z":0.0028006790671497585,"w":0.9637177586555481},"size":5.078437805175781,"orthographic":false}