{"cameraMode":{"drawMode":0,"name":"Shaded","section":"Shading Mode"},"sceneLighting":false,"audioPlay":false,"sceneViewState":{"showFog":true,"showMaterialUpdate":false,"showSkybox":false,"showFlares":true,"showImageEffects":true,"showParticleSystems":true},"in2DMode":false,"pivot":{"x":-0.0035578012466430666,"y":2.150543212890625,"z":0.05874478816986084},"rotation":{"x":-0.1150011494755745,"y":0.678661584854126,"z":-0.10882510989904404,"w":-0.7171822190284729},"size":12.944313049316407,"orthographic":true}